a,b,c,d,e,f,g,h,i,j,k,l,m,n,o,p,q,r,s,t,u,v,w,x,y,z
abbo,babe,cacker,dago,easyslut,facefucker,gang bang,hamas,iblowu,jack off,kaffer,lactate,macaca,naked,octopussy,paedophile,quashie,ra8s,s&m,taboo,uck,vagina,wab,xtc,yankee,zigabo
abo,babeland,camel toe,dahmer,eat my ass,faeces,gangbang,hand job,idiot,jackass,kaffir,laid,mad,nambla,omorashi,paki,queaf,rabbi,sadis,taff,uk,vaginal,wank,xx,yaoi,zipperhead
abortion,babies,cameljockey,dammit,eatballs,fag,gangbanged ,handjob,ikey,jackoff,kaffre,lapdance,mafia,narcotic,one cup two girls,palesimian,queef,racial,sadism,tainted love,undressing,vatican,wanker,xxx,yellow showers,zoophilia
abuse,baby batter,cameltoe,damn,eatme,fagging,gangbanger,hapa,illegal,jackshit,kafir,latin,magicwand,nasty,one guy one jar,palestinian,queer,racist,sadom,tampon,unfuckable,venus mound,wanking,,yellowman,
acrotomophilia,backdoor,camgirl,damnation,eatpussy,faggot,gangsta,hard core,incest,jacktheripper,kanake,leather restraint,make me come,nastybitch,ontherag,pansies,quickie,radical,samckdaddy,tang,upskirt,vibr,waysted,,yiffy,
addict,backdoorman,camslut,damnit,ecchi,fagot,gatorbait,hardcore,insest,jade,kid,leather straight jacket,male squirting,nastyho,oral,pansy,quim,radicals,sandm,tantra,uptheass,vibrater,weapon,,,
addicts,backseat,camwhore,darkie,ecstacy,failed,gay,harder,intercourse,jail bait,kigger,lemon party,mams,nastyslut,orga,panti,,raghead,sandnigger,tarbaby,upthebutt,vibrator,weenie,,,
adult,badfuck,canadian,darky,ejaculate,failure,gay sex,hardon,interracial,jailbait,kike,lesbain,manhater,nastywhore,orgasim ,panties,,raging boner,satan,tard,urethra play,vietcong,weewee,,,
africa,ball gag,cancer,date rape,ejaculated,fairies,gaymuthafuckinwhore,harem,intheass,jap,kill,lesbayn,manpaste,nawashi,orgasm,panty,,randy,scag,taste my,urinary,violence,welcher,,,
african,ball gravy,carpet muncher,daterape,ejaculating ,fairy,gaysex ,headfuck,inthebuff,japanese,killed,lesbian,marijuana,nazi,orgies,payo,,rape,scallywag,tea bagging,urinate,violet blue,welfare,,,
alla,ball kicking,carpetmuncher,datnigga,ejaculation,faith,geez,headlights,israel,japcrap,killer,lesbin,mastabate,necro,orgy,pearlnecklace,,raped,scat,teat,urine,violet wand,wet dream,,,
allah,ball licking,carruth,dead,enema,fannyfucker,geezer,hebe,israeli,jebus,killing,lesbo,mastabater,negro,osama,peck,,raper,schlong,terror,urophilia,virgin,wetb,,,
alligatorbait,ball sack,catholic,deapthroat,enemy,fart,geni,heeb,israel's,jeez,kills,lez,masterbate,negroes,,pecker,,raping,scissoring,terrorist,usama,virginbreaker,wetback,,,
amateur,ball sucking,catholics,death,erect,farted ,genital,hell,italiano,jerk off,kinbaku,lezbe,masterblaster,negroid,,peckerwood,,rapist,screw,teste,uterus,vomit,wetspot,,,
american,balllicker,cemetery,deep throat,erection,farting ,genitals,henhouse,itch,jerkoff,kink,lezbefriends,mastrabator,negro's,,pedobear,,rearend,screwyou,testicle,,vorarephilia,whacker,,,
anal,balls,chav,deepthroat,ero,farty ,german,hentai,,jesus,kinkster,lezbo,masturbate,neonazi,,pedophile,,rearentry,scrotum,testicles,,voyeur,whash,,,
analannie,ballsack,cherrypopper,defecate,erotic,fastfuck,getiton,heroin,,jesuschrist,kinky,lezz,masturbating,nig,,pee,,rectum,scum,thicklips,,vulva,whigger,,,
analsex,bangbros,chickslick,dego,erotism,fat,giant cock,herpes,,jew,kissass,lezzo,mattressprincess,nig nog,,peehole,,redlight,semen,thirdeye,,,whiskey,,,
angie,banging,children's,demon,escort,fatah,gin,heterosexual,,jewish,kkk,liberal,meatbeatter,niger,,pee-pee,,redneck,seppo,thirdleg,,,whiskeydick,,,
angry,baptist,chin,deposit,ethical slut,fatass,ginzo,hijack,,jiga,knife,libido,meatrack,nigerian,,peepshow,,reefer,servant,threesome,,,whiskydick,,,
anilingus,bareback,chinaman,desire,ethiopian,fatfuck,gipp,hijacker,,jigaboo,knobbing,licker,menage a trois,nigerians,,peepshpw,,reestie,sex,threeway,,,whit,,,
anus,barely legal,chinamen,destroy,ethnic,fatfucker,girl on,hijacking,,jigg,knockers,lickme,meth,nigg,,pegging,,refugee,sexed,throating,,,white power,,,
arab,barelylegal,chinese,deth,eunuch,fatso,girl on top,hillbillies,,jigga,kock,lies,mexican,nigga,,pendy,,reject,sexfarm,tied up,,,whitenigger,,,
arabs,barenaked,chink,devil,european,fckcum,girls,hindoo,,jiggabo,kondum,limey,mgger,niggah,,penetration,,remains,sexhound,tight white,,,whites,,,
areola,barf,chinky,devilworshipper,evl,fear,girls gone wild,hiscock,,jiggaboo,koon,limpdick,mggor,niggaracci,,peni5,,rentafuck,sexhouse,timbernigger,,,whitetrash,,,
argie,barface,choad,dick,excrement,fecal,givehead,hitler,,jigger ,kotex,limy,mickeyfinn,niggard,,penile,,republican,sexing,tinkle,,,whitey,,,
aroused,barfface,chocolate rosebuds,dickbrain,execute,feces,glazeddonut,hitlerism,,jiggerboo,krap,lingerie,mideast,niggarded,,penis,,rere,sexkitten,tit,,,whiz,,,
arse,bast,chode,dickforbrains,executed,felatio ,goatcx,hitlerist,,jiggy,krappy,liquor,milf,niggarding,,penises,,retard,sexo,titbitnipply,,,whop,,,
arsehole,bastard ,christ,dickhead,execution,felch,goatse,hiv,,jihad,kraut,livesex,minority,niggardliness,,penthouse,,retarded,sexpot,titfuck,,,whore,,,
asian,bastardo,christian,dickless,executioner,felcher,gob,ho,,jijjiboo,kum,loadedgun,missionary position,niggardliness's,,period,,reverse cowgirl,sexslave,titfucker,,,whorefucker,,,
ass,bastinado,church,dicklick,explosion,felching,god,hobo,,jimfish,kumbubble,lolita,mockey,niggardly,,perv,,ribbed,sextogo,titfuckin,,,whorehouse,,,
assassin,bazongas,cigarette,dicklicker,,fellatio,godammit,hodgie,,jism,kumbullbe,looser,mockie,niggards,,phone sex,,rigger,sextoy,titjob,,,wigger,,,
assassinate,bazooms,cigs,dickman,,feltch,goddamit,hoes,,jiz ,kummer,loser,mocky,niggard's,,phonesex,,rimjob,sextoys,titlicker,,,willie,,,
assassination,bbw,circlejerk,dickwad,,feltcher,goddammit,hole,,jizim,kumming,lotion,mofo,niggaz,,phuk,,rimming,sexual,titlover,,,williewanker,,,
assault,bdsm,clamdigger,dickweed,,feltching,goddamn,holestuffer,,jizjuice,kumquat,lovebone,moky,nigger,,phuked,,roach,sexually,tits,,,willy,,,
assbagger,beaner,clamdiver,diddle,,female squirting,goddamned,homicide,,jizm ,kums,lovegoo,moles,niggerhead,,phuking,,robber,sexwhore,tittie,,,wn,,,
assblaster,beast,cleveland steamer,die,,femdom,goddamnes,homo,,jizz,kunilingus,lovegun,molest,niggerhole,,phukked,,rosy palm,sexy,titties,,,wog,,,
assclown,beastality,clit,died,,fetish,goddamnit,homobangers,,jizzim,kunnilingus,lovejuice,molestation,niggers,,phukking,,rosy palm and her 5 sisters,sexymoma,titty,,,women rapping,,,
asscowboy,beastial,clitoris,dies,,figging,goddamnmuthafucker,homoerotic,,jizzum,kunt,lovemaking,molester,nigger's,,phungky,,roundeye,sexy-slim,tnt,,,women's,,,
asses,beastiality,clogwog,dike,,fight,gokkun,homosexual,,joint,ky,lovemuscle,molestor,niggle,,phuq,,rump,shag,toilet,,,wop,,,
assfuck,beatoff,clover clamps,dildo,,filipina,golden shower,honger,,juggalo,kyke,lovepistol,moneyshot,niggled,,pi55,,russki,shaggin,tongethruster,,,wrapping men,,,
assfucker,beat-off,clusterfuck,dingleberry,,filipino,goldenshower,honk,,juggs,,loverocket,mooncricket,niggles,,picaninny,,russkie,shagging,tongue,,,wrinkled starfish,,,
asshat,beatyourmeat,cocaine,dink,,fingerfood,gonorrehea,honkers,,jugs,,lowlife,mormon,niggling,,piccaninny,,rusty trombone,shat,tongue in a,,,wtf,,,
asshole,beaver,cock,dipshit,,fingerfuck ,gonzagas,honkey,,junglebunny,,lsd,moron,nigglings,,pickaninny,,,shav,tonguethrust,,,wuss,,,
assholes,beaver cleaver,cockblock,dipstick,,fingerfucked ,goo girl,honky,,,,lubejob,moslem,niggor,,piece of shit,,,shaved beaver,tonguetramp,,,wuzzie,,,
asshore,beaver lips,cockblocker,dirty,,fingerfucker ,goodpoop,hook,,,,lucifer,mosshead,niggur,,piker,,,shaved pussy,topless,,,,,,
assjockey,bestial,cockcowboy,dirty pillows,,fingerfuckers,gook,hooker,,,,luckycammeltoe,mothafuck,niglet,,pikey,,,shawtypimp,tortur,,,,,,
asskiss,bestiality,cockfight,dirty sanchez,,fingerfucking ,goregasm,hookers,,,,lugan,mothafucka,nignog,,piky,,,sheeney,torture,,,,,,
asskisser,bi,cockhead,disease,,fingering,gotohell,hooters,,,,lynch,mothafuckaz,nigr,,pimp,,,shemale,tosser,,,,,,
assklown,bi curious,cockknob,diseases,,fire,goy,hore,,,,,mothafucked ,nigra,,pimped,,,shhit,towelhead,,,,,,
asslick,biatch,cocklicker,disturbed,,firing,goyim,hork,,,,,mothafucker,nigre,,pimper,,,shibari,trailertrash,,,,,,
asslicker,bible,cocklover,dive,,fister,greaseball,horn,,,,,mothafuckin,nimphomania,,pimpjuic,,,shinola,tramp,,,,,,
asslover,bicurious,cocknob,dix,,fistfuck,gringo,horney,,,,,mothafucking ,nip,,pimpjuice,,,shit,trannie,,,,,,
assman,big black,cockqueen,dixiedike,,fistfucked ,groe,horniest,,,,,mothafuckings,nipple,,pimpsimp,,,shitcan,tranny,,,,,,
assmonkey,big breasts,cockrider,dixiedyke,,fistfucker ,grope,horny,,,,,motherfuck,nipplering,,pindick,,,shitdick,transexual,,,,,,
assmunch,big knockers,cocks,dog style,,fistfucking ,gross,horseshit,,,,,motherfucked,nipples,,piss,,,shite,transsexual,,,,,,
assmuncher,big tits,cocksman,doggie style,,fisting,grostulation,hosejob,,,,,motherfucker,nittit,,piss pig,,,shiteater,transvestite,,,,,,
asspacker,bigass,cocksmith,doggiestyle,,flange,group sex,hoser,,,,,motherfuckin,nlgger,,pissed,,,shited,tribadism,,,,,,
asspirate,bigbastard,cocksmoker,doggy style,,flasher,g-spot,hostage,,,,,motherfucking,nlggor,,pisser,,,shitface,triplex,,,,,,
asspuppies,bigbutt,cocksucer,doggystyle,,flatulence,gubba,hot chick,,,,,motherfuckings,nofuckingway,,pisses ,,,shitfaced,trisexual,,,,,,
assranger,bigger,cocksuck ,dolcett,,floo,gummer,hotdamn,,,,,motherlovebone,nook,,pisshead,,,shitfit,trojan,,,,,,
asswhore,bimbos,cocksucked ,domination,,flydie,gun,hotpussy,,,,,mound of venus,nookey,,pissin ,,,shitforbrains,trots,,,,,,
asswipe,birdlock,cocksucker,dominatrix,,flydye,guro,hottotrot,,,,,mr hands,nookie,,pissing,,,shitfuck,tub girl,,,,,,
athletesfoot,bisexual,cocksucking,dommes,,fok,gyp,how to kill,,,,,muff,noonan,,pissoff ,,,shitfucker,tubgirl,,,,,,
attack,bi-sexual,cocktail,dong,,fondle,gypo,how to murder,,,,,muff diver,nooner,,pisspig,,,shitfull,tuckahoe,,,,,,
australian,bitch,cocktease,donkey punch,,foot fetish,gypp,huge fat,,,,,muffdive,nsfw images,,pistol,,,shithapens,tunneloflove,,,,,,
auto erotic,bitcher,cocky,doodoo,,footaction,gyppie,hummer,,,,,muffdiver,nude,,pixie,,,shithappens,turd,,,,,,
autoerotic,bitches,cohee,doo-doo,,footfuck,gyppo,humping,,,,,muffdiving,nudger,,pixy,,,shithead,turnon,,,,,,
,bitchez,coitus,doom,,footfucker,gyppy,husky,,,,,muffindiver,nudity,,playboy,,,shithouse,tushy,,,,,,
,bitchin,color,dope,,footjob,,hussy,,,,,mufflikcer,nuke,,playgirl,,,shiting,twat,,,,,,
,bitching,colored,double dong,,footlicker,,hustler,,,,,mulatto,nutfucker,,pleasure chest,,,shitlist,twink,,,,,,
,bitchslap,coloured,double penetration,,footstar,,hymen,,,,,muncher,nymph,,pocha,,,shitola,twinkie,,,,,,
,bitchy,commie,dp action,,fore,,hymie,,,,,munt,nympho,,pocho,,,shitoutofluck,two girls one cup,,,,,,
,biteme,communist,dragqueen,,foreskin,,,,,,,murder,nymphomania,,pocketpool,,,shits,twobitwhore,,,,,,
,black,condom,dragqween,,forni,,,,,,,murderer,,,pohm,,,shitstain,,,,,,,
,black cock,conservative,dripdick,,fornicate,,,,,,,muslim,,,polack,,,shitted,,,,,,,
,blackman,conspiracy,drug,,foursome,,,,,,,,,,pole smoker,,,shitter,,,,,,,
,blackout,coolie,drunk,,fourtwenty,,,,,,,,,,pom,,,shitting,,,,,,,
,blacks,cooly,drunken,,fraud,,,,,,,,,,pommie,,,shitty ,,,,,,,
,blind,coon,dumb,,freakfuck,,,,,,,,,,pommy,,,shoot,,,,,,,
,blonde action,coondog,dumbass,,freakyfucker,,,,,,,,,,ponyplay,,,shooting,,,,,,,
,blonde on blonde action,coprolagnia,dumbbitch,,freefuck,,,,,,,,,,poo,,,shortfuck,,,,,,,
,blow,coprophilia,dumbfuck,,frotting,,,,,,,,,,poof,,,shota,,,,,,,
,blow j,copulate,dyefly,,fu,,,,,,,,,,poon,,,showtime,,,,,,,
,blow your l,cornhole,dyke,,fubar,,,,,,,,,,poontang,,,shrimping,,,,,,,
,blowjob,corruption,,,fuc,,,,,,,,,,poop,,,sick,,,,,,,
,blue waffle,cra5h,,,fucck,,,,,,,,,,poop chute,,,sissy,,,,,,,
,blumpkin,crabs,,,fuck,,,,,,,,,,poopchute,,,sixsixsix,,,,,,,
,boang,crack,,,fuck buttons,,,,,,,,,,pooper,,,sixtynine,,,,,,,
,bogan,crackpipe,,,fucka,,,,,,,,,,pooperscooper,,,sixtyniner,,,,,,,
,bohunk,crackwhore,,,fuckable,,,,,,,,,,pooping,,,skank,,,,,,,
,bollick,crack-whore,,,fuckbag,,,,,,,,,,poorwhitetrash,,,skankbitch,,,,,,,
,bollock,crap,,,fuckbuddy,,,,,,,,,,popimp,,,skankfuck,,,,,,,
,bollocks,crapola,,,fucked,,,,,,,,,,porchmonkey,,,skankwhore,,,,,,,
,bomb,crapper,,,fuckedup,,,,,,,,,,porn,,,skanky,,,,,,,
,bombers,crappy,,,fucker,,,,,,,,,,pornflick,,,skankybitch,,,,,,,
,bombing,crash,,,fuckers,,,,,,,,,,pornking,,,skankywhore,,,,,,,
,bombs,creamy,,,fuckface,,,,,,,,,,porno,,,skinflute,,,,,,,
,bomd,crime,,,fuckfest,,,,,,,,,,pornography,,,skum,,,,,,,
,bondage,crimes,,,fuckfreak,,,,,,,,,,pornprincess,,,skumbag,,,,,,,
,boner,criminal,,,fuckfriend,,,,,,,,,,pot,,,slant,,,,,,,
,bong,criminals,,,fuckhead,,,,,,,,,,poverty,,,slanteye,,,,,,,
,boob,crotch,,,fuckher,,,,,,,,,,premature,,,slapper,,,,,,,
,boobies,crotchjockey,,,fuckin,,,,,,,,,,pric,,,slaughter,,,,,,,
,boobs,crotchmonkey,,,fuckina,,,,,,,,,,prick,,,slav,,,,,,,
,booby,crotchrot,,,fucking,,,,,,,,,,prickhead,,,slave,,,,,,,
,boody,cum,,,fuckingbitch,,,,,,,,,,primetime,,,slavedriver,,,,,,,
,boom,cumbubble,,,fuckinnuts,,,,,,,,,,prince albert piercing,,,sleezebag,,,,,,,
,boong,cumfest,,,fuckinright,,,,,,,,,,propaganda,,,sleezeball,,,,,,,
,boonga,cumjockey,,,fuckit,,,,,,,,,,pros,,,slideitin,,,,,,,
,boonie,cumm,,,fuckknob,,,,,,,,,,prostitute,,,slime,,,,,,,
,booty,cummer,,,fuckme ,,,,,,,,,,protestant,,,slimeball,,,,,,,
,booty call,cumming,,,fuckmehard,,,,,,,,,,pthc,,,slimebucket,,,,,,,
,bootycall,cumquat,,,fuckmonkey,,,,,,,,,,pu55i,,,slopehead,,,,,,,
,bountybar,cumqueen,,,fuckoff,,,,,,,,,,pu55y,,,slopey,,,,,,,
,bra,cumshot,,,fuckpig,,,,,,,,,,pube,,,slopy,,,,,,,
,brea5t,cunilingus,,,fucks,,,,,,,,,,pubes,,,slut,,,,,,,
,breast,cunillingus,,,fucktard,,,,,,,,,,pubic,,,sluts,,,,,,,
,breastjob,cunn,,,fuckwhore,,,,,,,,,,pubiclice,,,slutt,,,,,,,
,breastlover,cunnilingus,,,fuckyou,,,,,,,,,,pud,,,slutting,,,,,,,
,breastman,cunntt,,,fudge packer,,,,,,,,,,pudboy,,,slutty,,,,,,,
,brothel,cunt,,,fudgepacker,,,,,,,,,,pudd,,,slutwear,,,,,,,
,brown showers,cunteyed,,,fugly,,,,,,,,,,puddboy,,,slutwhore,,,,,,,
,brunette action,cuntfuck,,,fuk,,,,,,,,,,puke,,,smack,,,,,,,
,bugger,cuntfucker,,,fuks,,,,,,,,,,puntang,,,smackthemonkey,,,,,,,
,buggered,cuntlick ,,,funeral,,,,,,,,,,purinapricness,,,smut,,,,,,,
,buggery,cuntlicker ,,,funfuck,,,,,,,,,,puss,,,snatch,,,,,,,
,bukkake,cuntlicking ,,,fungus,,,,,,,,,,pussie,,,snatchpatch,,,,,,,
,bullcrap,cuntsucker,,,futanari,,,,,,,,,,pussies,,,snigger,,,,,,,
,bulldike,cybersex,,,fuuck,,,,,,,,,,pussy,,,sniggered,,,,,,,
,bulldyke,cyberslimer,,,,,,,,,,,,,pussycat,,,sniggering,,,,,,,
,bullet vibe,,,,,,,,,,,,,,pussyeater,,,sniggers,,,,,,,
,bullshit,,,,,,,,,,,,,,pussyfucker,,,snigger's,,,,,,,
,bumblefuck,,,,,,,,,,,,,,pussylicker,,,sniper,,,,,,,
,bumfuck,,,,,,,,,,,,,,pussylips,,,snot,,,,,,,
,bung hole,,,,,,,,,,,,,,pussylover,,,snowback,,,,,,,
,bunga,,,,,,,,,,,,,,pussypounder,,,snowballing,,,,,,,
,bunghole,,,,,,,,,,,,,,pusy,,,snownigger,,,,,,,
,buried,,,,,,,,,,,,,,,,,sob,,,,,,,
,burn,,,,,,,,,,,,,,,,,sodom,,,,,,,
,busty,,,,,,,,,,,,,,,,,sodomise,,,,,,,
,butchbabes,,,,,,,,,,,,,,,,,sodomite,,,,,,,
,butchdike,,,,,,,,,,,,,,,,,sodomize,,,,,,,
,butchdyke,,,,,,,,,,,,,,,,,sodomy,,,,,,,
,butt,,,,,,,,,,,,,,,,,sonofabitch,,,,,,,
,buttbang,,,,,,,,,,,,,,,,,sonofbitch,,,,,,,
,butt-bang,,,,,,,,,,,,,,,,,sooty,,,,,,,
,buttcheeks,,,,,,,,,,,,,,,,,sos,,,,,,,
,buttface,,,,,,,,,,,,,,,,,soviet,,,,,,,
,buttfuck,,,,,,,,,,,,,,,,,spaghettibender,,,,,,,
,butt-fuck,,,,,,,,,,,,,,,,,spaghettinigger,,,,,,,
,buttfucker,,,,,,,,,,,,,,,,,spank,,,,,,,
,butt-fucker,,,,,,,,,,,,,,,,,spankthemonkey,,,,,,,
,buttfuckers,,,,,,,,,,,,,,,,,sperm,,,,,,,
,butt-fuckers,,,,,,,,,,,,,,,,,spermacide,,,,,,,
,butthead,,,,,,,,,,,,,,,,,spermbag,,,,,,,
,butthole,,,,,,,,,,,,,,,,,spermhearder,,,,,,,
,buttman,,,,,,,,,,,,,,,,,spermherder,,,,,,,
,buttmunch,,,,,,,,,,,,,,,,,spic,,,,,,,
,buttmuncher,,,,,,,,,,,,,,,,,spick,,,,,,,
,buttpirate,,,,,,,,,,,,,,,,,spig,,,,,,,
,buttplug,,,,,,,,,,,,,,,,,spigotty,,,,,,,
,buttstain,,,,,,,,,,,,,,,,,spik,,,,,,,
,byatch,,,,,,,,,,,,,,,,,spit,,,,,,,
,,,,,,,,,,,,,,,,,,spitter,,,,,,,
,,,,,,,,,,,,,,,,,,splittail,,,,,,,
,,,,,,,,,,,,,,,,,,spooge,,,,,,,
,,,,,,,,,,,,,,,,,,spread legs,,,,,,,
,,,,,,,,,,,,,,,,,,spreadeagle,,,,,,,
,,,,,,,,,,,,,,,,,,spunk,,,,,,,
,,,,,,,,,,,,,,,,,,spunky,,,,,,,
,,,,,,,,,,,,,,,,,,squaw,,,,,,,
,,,,,,,,,,,,,,,,,,stagg,,,,,,,
,,,,,,,,,,,,,,,,,,stiffy,,,,,,,
,,,,,,,,,,,,,,,,,,strap on,,,,,,,
,,,,,,,,,,,,,,,,,,strapon,,,,,,,
,,,,,,,,,,,,,,,,,,strappado,,,,,,,
,,,,,,,,,,,,,,,,,,stringer,,,,,,,
,,,,,,,,,,,,,,,,,,strip club,,,,,,,
,,,,,,,,,,,,,,,,,,stripclub,,,,,,,
,,,,,,,,,,,,,,,,,,stroke,,,,,,,
,,,,,,,,,,,,,,,,,,stroking,,,,,,,
,,,,,,,,,,,,,,,,,,stupid,,,,,,,
,,,,,,,,,,,,,,,,,,stupidfuck,,,,,,,
,,,,,,,,,,,,,,,,,,stupidfucker,,,,,,,
,,,,,,,,,,,,,,,,,,style doggy,,,,,,,
,,,,,,,,,,,,,,,,,,suck,,,,,,,
,,,,,,,,,,,,,,,,,,suckdick,,,,,,,
,,,,,,,,,,,,,,,,,,sucker,,,,,,,
,,,,,,,,,,,,,,,,,,suckme,,,,,,,
,,,,,,,,,,,,,,,,,,suckmyass,,,,,,,
,,,,,,,,,,,,,,,,,,suckmydick,,,,,,,
,,,,,,,,,,,,,,,,,,suckmytit,,,,,,,
,,,,,,,,,,,,,,,,,,suckoff,,,,,,,
,,,,,,,,,,,,,,,,,,sucks,,,,,,,
,,,,,,,,,,,,,,,,,,suicide,,,,,,,
,,,,,,,,,,,,,,,,,,suicide girls,,,,,,,
,,,,,,,,,,,,,,,,,,sultry women,,,,,,,
,,,,,,,,,,,,,,,,,,swallow,,,,,,,
,,,,,,,,,,,,,,,,,,swallower,,,,,,,
,,,,,,,,,,,,,,,,,,swalow,,,,,,,
,,,,,,,,,,,,,,,,,,swastika,,,,,,,
,,,,,,,,,,,,,,,,,,sweetness,,,,,,,
,,,,,,,,,,,,,,,,,,swinger,,,,,,,
,,,,,,,,,,,,,,,,,,syphilis,,,,,,,
